2011,2012,2013,2014,2015,2016,2017,2018,2019,2020,2021
9.488383,9.340875,9.408042,9.516281,7.23963,7.001463,7.064313,7.211967,7.102209,5.277226,5.409243
10.051721,9.630534,9.637915,9.817864,7.234605,7.468983,7.599132,7.797761,7.884559,5.623663,6.270745
9.066282,8.880359,8.996004,9.066809,6.709495,6.958122,7.106321,7.079019,7.404313,5.090071,5.085719
9.560776,9.437369,9.367968,9.525808,7.173309,7.137909,7.193316,7.381545,7.334422,5.364534,5.585315
9.040299,9.154062,9.166704,9.270649,7.178229,6.71508,6.723471,6.89696,6.629466,5.072818,5.06629
10.997106,10.47564,10.539251,10.190152,8.188718,9.042834,7.983481,8.195817,8.870886,6.569296,6.959257
11.005681,10.313792,10.519148,10.197298,8.167884,8.738822,7.737889,7.964187,8.709209,6.431219,6.686816
9.827193,8.890172,9.264747,8.941776,7.146683,7.630983,6.666561,6.967195,7.261811,5.925249,5.907063
8.824704,7.984155,8.656812,8.484466,9.541277,7.276622,6.462493,6.779464,6.691576,5.619562,7.343939
12.299815,11.533663,12.222906,12.076656,9.373496,9.37704,8.751687,9.48024,9.408804,6.884075,7.326765
10.34417,10.501497,10.977316,10.943896,8.702986,8.003675,7.658263,8.058357,8.340751,5.579047,5.652368
11.129872,10.990751,11.82294,11.74131,9.836198,8.6978,8.0608,8.874435,8.971605,5.836648,6.368161
11.251631,11.259765,11.916656,11.880144,9.576637,8.691819,8.014442,8.907384,9.026621,5.819544,6.100815
10.080112,10.04126,10.24911,10.218007,8.011595,7.738846,7.535888,7.793974,8.105583,5.619603,5.559461
12.226993,11.524028,11.933305,11.740567,9.961496,11.132929,10.140073,8.9147,10.277311,7.264987,7.403999
13.207147,12.233949,12.46391,12.231383,10.444346,11.186254,10.38092,9.98177,10.518349,7.687941,8.090559
11.177956,10.674443,11.221971,10.92327,9.39102,9.605562,9.030015,8.838681,9.393298,6.43067,6.347116
12.862965,12.025174,12.486984,12.31352,10.27956,11.201247,10.218613,9.306997,10.394022,7.493226,7.73401
9.16029,8.722598,9.479457,9.250412,7.703351,8.315665,7.177035,7.266424,7.557204,5.520285,5.619375
9.834053,9.60905,10.042776,9.787277,8.209466,8.414336,7.273997,7.382386,8.462532,5.643224,5.915677
11.404692,10.459036,10.914764,10.515086,8.576863,9.079158,7.89994,7.795692,9.467923,6.452935,6.789689
10.271728,9.311793,9.985397,9.570483,7.839771,9.026176,8.069756,8.109463,7.726195,6.705252,6.549342
11.776392,10.82642,11.261916,10.987586,8.684792,10.087074,9.043945,9.423762,8.930729,7.683016,7.282653
10.120945,9.20634,9.813746,9.536223,7.774679,8.67098,7.794773,7.83834,7.693921,6.530518,6.431525
11.033279,10.203641,10.782398,10.396498,8.569222,9.389328,8.60391,8.714295,8.400614,6.915731,6.830937
10.202718,9.065325,9.528763,8.929565,9.647218,8.566716,7.745903,7.007325,7.212929,6.478468,6.449437
9.263331,8.259122,8.787231,8.245196,7.86395,7.986998,7.18416,6.039822,6.869105,6.152434,6.163435
11.742839,10.754658,11.29037,10.789293,9.073403,10.042413,9.380985,9.351537,8.482988,7.268238,7.114261
11.801018,11.319704,11.878621,11.620605,9.686059,9.872234,9.416956,9.627741,9.874945,7.071662,6.47772
13.928275,12.359115,12.319623,11.806066,9.759661,10.636378,11.289781,10.971506,11.261149,8.031709,7.990505
12.47228,11.165115,11.796807,11.508443,10.569186,10.720312,10.12324,9.91438,9.686211,7.8614,7.338011
13.463884,12.23365,12.641798,12.268229,10.547724,11.261797,11.016303,10.859483,10.714733,8.339957,7.447162
12.485822,11.305139,11.888554,11.638777,10.078564,11.285908,10.595568,10.460587,10.120923,8.267044,6.720678
12.606089,10.918412,10.962835,10.310301,8.370238,10.355237,10.041425,10.008895,9.474255,7.912283,7.453442
11.971328,10.85946,11.055677,10.522352,8.618549,9.781226,9.211879,9.181798,8.144947,7.159175,6.755501
13.237318,12.01991,12.062155,11.633405,9.128941,11.288754,10.766576,11.162703,10.141131,8.660273,7.739186
14.812055,13.301352,13.238489,12.800255,9.940886,11.520911,11.614101,11.62749,11.348888,8.766175,8.312778
13.196568,11.713729,11.657669,11.066311,8.858373,10.464101,10.314982,10.268854,9.948665,7.915255,7.499804
12.741073,11.387925,11.428446,10.835667,8.819292,10.505664,10.102306,10.136281,9.447745,7.916695,7.393729
12.319246,11.172153,11.410563,10.939995,9.248316,10.156876,10.163915,9.992035,10.190079,7.46473,7.06386
12.020213,10.604313,10.604341,9.8058,8.731171,10.540145,10.289906,9.912228,9.173328,7.421917,6.54136
13.003401,11.429139,11.584166,10.939508,10.692851,11.976881,10.935527,11.22068,9.660036,8.454746,7.779152
13.837053,12.176199,12.10418,11.592544,10.18547,11.635054,10.402417,10.79688,8.984199,8.178258,7.636148
10.436191,9.154244,9.61628,8.900245,7.684262,9.173437,8.390452,8.241942,7.251021,6.671851,6.001052
8.047122,7.640897,8.03579,8.097002,6.212136,5.671036,5.686948,5.827381,5.29597,4.544686,4.604271
9.942254,9.271961,9.65688,9.393892,7.8147,7.875584,6.670173,6.651858,8.168338,5.611921,6.173008
9.678368,9.252422,9.577543,9.323165,7.82773,7.830103,6.760565,6.926699,7.952522,5.611133,6.083968
8.946311,8.567801,9.071781,8.816316,7.402437,7.76968,6.621597,6.849013,7.522194,5.201285,5.369158
8.947595,7.985994,8.57832,7.749641,7.220612,6.879621,6.288168,5.837625,5.693693,5.501609,5.358332
10.70082,9.745487,10.247152,9.73104,7.997184,9.191865,8.487559,8.412403,7.441887,6.722062,6.495722
11.953977,11.09238,11.501612,11.063184,9.458736,9.841806,9.904703,9.640477,9.878793,7.126939,6.825755
12.491182,11.3707,11.614236,11.119661,9.474017,9.898138,10.280994,9.938852,10.294219,7.341906,7.203236
7.287949,6.908252,7.272081,7.321292,5.633525,5.349705,5.483636,5.380894,5.031758,3.955309,3.950732
10.986996,9.594865,10.112167,9.483328,8.40941,9.679566,8.959409,8.774919,7.709168,7.219216,6.862782
10.005939,9.050967,9.58347,9.027585,7.488354,8.596834,8.038456,7.517362,7.069015,6.377269,6.10894
12.273361,10.873519,11.014615,10.485749,8.72653,9.822749,9.907913,9.675753,9.802166,7.323824,7.045564
12.697298,11.671172,12.02437,11.65943,9.561299,10.374041,10.364576,10.313867,10.313888,7.691698,7.096811
11.587615,11.154289,11.780915,11.482967,9.569234,10.005981,9.711781,9.786075,9.855921,7.52793,6.238199
11.429955,11.177495,11.935885,11.598996,9.763349,9.960238,9.376079,9.689426,9.8244,7.372454,6.200082
11.801757,11.224591,11.69047,11.324311,9.597571,9.880472,9.635058,9.622972,9.860648,7.136995,6.503909
12.013074,11.349997,11.754341,11.349063,9.560203,9.939363,9.982373,9.80072,9.969797,7.273721,6.580701
6.741173,6.097443,6.805041,6.645327,5.272289,4.841524,4.955483,4.893342,4.396199,3.655,3.679318
7.778649,7.258972,7.880301,7.640973,7.435676,6.046663,5.742016,5.941624,5.546262,4.797936,4.988344
7.073636,6.487777,7.132762,7.116327,5.793008,5.1879,5.362772,5.305446,4.755851,3.794543,4.017995
6.918942,6.279927,6.943002,6.733833,5.333753,4.944704,4.935567,4.986809,4.57644,3.896946,3.833107
7.16262,6.4306,6.913896,6.987663,5.488137,4.945384,4.959353,5.097653,4.400559,4.003776,3.910269
7.453882,6.733076,7.253004,7.178965,5.75959,5.267375,5.168699,5.277567,4.750832,4.275195,4.092768
10.981309,10.18456,10.986115,10.672531,9.284601,9.641408,8.581427,7.586829,9.390714,6.346825,6.678769
11.856905,11.466946,12.97516,12.655265,9.822183,9.45488,8.432179,8.176033,9.839614,6.339562,6.807061
11.415274,10.666417,11.891852,11.436836,8.890357,8.803609,7.47476,7.453394,9.413161,6.212226,6.729083
9.946987,8.9166,9.474076,9.241777,7.746327,7.99622,6.773179,6.36045,8.516108,5.556098,5.864064
12.068928,11.408157,11.931731,11.720053,10.120427,10.945158,9.984603,8.67793,10.047943,7.039505,7.288921
9.603493,8.424706,8.769708,8.406763,6.851419,7.194795,5.821445,5.88263,7.910477,5.377293,5.85854
10.860747,10.07122,11.407763,11.110578,8.689769,8.576382,7.225144,7.092817,9.110422,5.936915,6.419283
11.069874,10.557053,11.215554,11.006564,9.747793,10.174698,9.207746,8.125841,9.633716,6.559545,6.668827
9.320329,8.452073,9.029036,8.601791,7.226736,7.906709,7.132715,6.076338,6.903848,6.023646,5.924484
9.992833,9.147411,9.587817,9.15784,8.015811,8.663448,7.944156,6.914853,7.728615,6.579493,6.393197
9.00764,8.230639,8.828305,8.492187,7.059146,7.553032,6.859037,5.846827,6.695004,5.793074,5.728253
8.431951,7.558773,8.188553,7.763797,6.392252,7.152116,6.36787,5.830084,6.300214,5.424834,5.343146
8.893359,7.871615,8.339143,7.7248,6.766258,7.163123,6.533535,5.382406,6.141611,5.654503,5.5085
8.974531,7.986871,8.512041,8.051424,6.908261,7.468687,6.794617,5.546455,6.545329,5.851333,5.794518
8.475551,7.68584,8.283626,7.797799,6.510306,6.996918,6.280931,5.607179,6.048411,5.365138,5.256383
8.557263,7.492523,8.025475,7.475565,6.304166,6.942348,6.299757,5.200292,5.972655,5.396454,5.316893
11.12763,9.724279,10.012148,9.230876,8.015732,9.963801,9.665183,9.218108,8.495451,7.093831,6.007504
11.474487,10.22917,10.761966,10.161457,9.507539,10.510533,10.173273,9.663438,8.956972,7.360885,6.157818
11.434953,10.201937,10.277726,9.484434,7.968382,9.879544,9.693664,9.121372,8.561327,6.989386,6.092333
11.094165,9.932851,10.412458,9.887737,8.342018,9.737909,9.467656,8.849624,8.351695,6.851701,5.675773
11.233991,9.94986,10.158518,9.510232,7.901406,9.691124,9.442402,8.866182,8.340875,6.86691,5.839974
13.012506,11.812486,12.364505,12.052898,10.485759,10.840677,10.533485,10.350975,10.235249,8.013692,7.428287
11.873496,11.310075,11.933952,11.619866,9.911085,10.119943,9.97578,9.785444,9.86582,7.371889,6.555144
13.066101,12.083755,12.462487,12.081135,10.334695,10.654532,10.654416,10.423155,10.479631,7.802818,7.135902
12.768189,11.258332,11.889811,11.646145,10.109126,10.741673,10.133344,9.984138,9.78347,7.9106,7.240439
12.374893,11.618467,12.182107,11.934605,10.395662,10.481507,10.282248,10.066935,10.115418,7.564173,6.911501
11.805295,11.10178,11.877086,11.66833,9.973812,10.209715,9.949033,9.798597,9.774212,7.47392,6.598085
13.191621,12.124145,12.396715,11.929751,10.203237,10.457765,10.691893,10.399361,10.617779,7.764978,7.32106
13.450807,12.128477,12.413109,11.892867,10.282262,10.315104,10.649419,10.317506,10.561054,7.74451,7.774139
11.614764,10.839431,11.583274,11.32464,9.701634,10.059017,9.714599,9.433652,9.432691,7.260256,6.414907
11.92326,10.889374,11.555413,11.27852,9.768061,10.270334,9.864263,9.554586,9.470461,7.474812,6.743776
11.431016,10.663087,11.511604,11.332765,9.713488,9.971175,9.616001,9.445496,9.395498,7.26727,6.437888
12.174373,11.466602,11.873593,11.468644,9.713566,9.957106,10.043665,9.75771,9.98514,7.214628,6.598888
11.057613,10.054918,10.656689,10.292059,8.842769,9.763369,8.85805,9.087047,9.001804,7.038283,6.972269
10.616295,9.77212,10.377873,9.936896,8.26703,9.125283,8.359779,8.44208,8.281452,6.494484,6.402774
9.892614,9.163153,10.092579,9.843454,8.141878,8.731027,7.721738,7.947816,7.994761,6.311209,6.329552
11.391792,10.555302,11.244866,10.889949,9.015505,10.268828,9.217263,9.700056,9.366687,7.531099,7.453791
10.396664,9.522229,10.328735,9.909412,8.265691,9.011667,8.180269,8.35498,8.144907,6.58262,6.552904
10.713063,9.941634,10.590263,10.259644,8.615344,9.230877,8.377654,8.573309,8.652096,6.544024,6.635512
11.837879,10.702858,10.891624,10.285813,8.472565,9.835789,9.089108,9.081912,7.732768,7.171272,6.788591
11.590172,10.384259,10.548229,9.901288,8.266659,9.771247,9.063592,8.953453,7.845917,7.080441,6.690058
12.860024,11.361587,11.468682,10.831371,9.464482,10.968192,10.02639,10.102136,8.507399,7.733926,7.407692
12.593075,11.127754,11.318584,10.705758,9.399294,10.928597,9.876523,9.955089,8.543307,7.682966,7.223764
11.879647,10.383318,10.592289,9.937155,9.244266,10.84198,9.667259,9.919637,8.495596,7.850213,7.179302
12.070707,10.601938,10.741305,10.1185,8.32255,10.021124,9.404584,9.385143,8.427462,7.434879,6.984334
12.003302,10.53775,10.725738,9.955154,9.261642,10.797511,9.994768,9.927967,8.703395,7.682435,7.194279
10.715313,9.312651,9.772291,9.168149,7.522352,9.18869,8.402562,8.315621,7.069589,6.733394,6.32771
12.760389,11.069059,11.266008,10.64127,9.023654,10.814563,10.216886,10.327127,9.385975,8.256315,7.737153
11.393471,10.294686,10.513797,9.945257,8.17187,9.636282,8.759258,8.791396,7.258673,6.963332,6.612299
11.738824,10.598295,10.787094,10.137832,8.494833,9.923452,9.106821,9.080862,7.665501,7.112318,6.725033
13.506674,11.929517,12.040892,11.585277,9.58208,10.35329,10.80485,10.537594,10.840149,7.947689,7.870298
12.661023,11.146026,11.258228,10.662865,9.001057,9.75396,10.220392,9.822581,10.256043,7.293431,7.318933
14.017757,12.448979,12.424009,11.879582,10.027241,10.414455,11.035569,10.737791,11.058917,7.884415,8.056918
12.495678,11.41182,11.569918,11.039748,9.286833,9.744576,10.196014,9.770872,10.187996,7.230019,7.121261
13.453651,11.758902,11.796224,11.207336,9.406409,10.151525,10.654548,10.367729,10.67335,7.7203,7.891572
13.989941,12.193351,12.137573,11.59457,9.612212,10.564083,11.019795,10.839966,11.047701,8.091008,8.250289
11.342003,10.535222,11.274303,10.980715,9.324995,10.126547,9.710082,9.193135,8.796681,7.060811,5.823331
11.244316,10.468308,11.294595,11.113602,9.458643,10.144985,9.663859,9.269534,8.953326,7.15888,5.936632
13.757101,12.497732,12.882669,12.463084,10.604018,11.822646,11.386869,11.384737,11.054911,8.702616,7.495858
11.258388,10.486041,11.419314,11.208955,9.467952,10.03771,9.625056,9.194588,8.854215,7.043014,5.880525
11.859194,10.906198,11.598433,11.347184,9.857485,10.684843,10.139722,9.780524,9.380946,7.698025,6.290047
12.265923,10.995626,11.349287,10.851184,9.240267,10.48766,10.074063,9.745487,9.403863,7.51911,6.439695
11.162173,10.320318,11.070345,10.732576,9.053022,9.900606,9.53354,8.989477,8.588687,6.89136,5.688644
11.687564,10.771715,11.530645,11.32863,9.780962,10.526803,9.972979,9.633943,9.343234,7.547146,6.12027
11.326417,10.587165,11.46214,11.253806,9.753703,10.377664,9.905332,9.594443,9.252814,7.297958,6.075679
12.293163,11.096436,11.597558,11.235982,9.754789,10.809599,10.239295,9.970975,9.542719,7.834223,6.489157
11.370977,10.219465,10.695594,10.269286,8.747027,10.006374,9.58964,9.068915,8.619038,7.064529,5.824791
9.525622,8.507061,8.897688,8.546623,7.383278,7.610854,6.531937,6.733816,7.068173,5.708672,5.459567
9.918333,9.341635,9.823097,9.557178,8.152114,7.634825,6.807106,7.118081,7.346655,5.833426,6.2134
8.830694,8.382638,8.862655,8.718226,7.666405,6.887722,6.223863,6.450216,6.487264,5.306349,5.966077
10.213005,9.237169,9.505866,9.198586,7.482662,7.919037,7.03622,7.234795,7.384012,6.056834,5.888218
8.117176,7.343939,7.711298,7.588847,6.234212,5.958352,5.529473,5.835644,5.533822,4.739738,4.560927
9.077968,8.09821,8.506971,8.238134,6.577084,7.242743,6.309535,6.480412,6.67906,5.483151,5.119893
9.518834,8.882443,9.189506,9.137548,7.270837,7.243023,6.609031,6.815044,6.852725,5.654627,5.502816
8.500067,7.61579,8.01098,7.826175,6.208055,6.365245,5.848441,5.946239,6.009745,5.068221,4.757222
9.748509,8.720061,9.009573,8.753359,6.869397,7.572369,6.476708,6.670452,7.196762,5.791027,5.725481
9.885337,9.326421,9.688898,9.493869,7.62837,7.655634,6.889812,7.207256,7.251501,5.858028,5.953023
9.608983,9.543911,9.901233,9.699444,8.256672,7.564654,6.689801,7.074402,7.327564,5.815381,6.205206
8.578828,8.044144,8.54762,8.432817,7.177547,6.612642,5.983282,6.233285,6.192632,5.130106,5.277919
12.093516,11.290353,11.788413,11.534341,10.037772,10.419531,9.707224,9.321349,9.987699,6.934718,7.284021
11.864852,11.32614,11.770381,11.558817,10.357672,10.591489,9.817902,8.965941,9.921012,6.9112,7.289012
11.266232,10.538736,10.980806,10.670935,9.259426,9.737725,9.05918,8.744181,9.34801,6.431252,6.472781
11.494517,10.823884,11.530804,11.244482,9.836195,10.185035,9.390225,8.706096,9.679193,6.733191,6.892933
11.104192,10.807415,11.360567,11.126448,9.748733,9.86888,9.137369,8.571724,9.41525,6.329385,6.304952
11.638013,11.119379,12.101353,11.901849,10.636198,10.528372,9.692558,8.615247,9.873426,6.779586,7.015704
10.675045,10.605729,11.614778,11.497219,9.39841,8.6339,8.190097,8.660601,9.066647,5.828175,5.831019
11.824433,11.503718,12.309992,12.224252,10.130385,9.217174,8.961941,9.546583,9.796769,6.231186,6.72406
11.267192,11.282316,12.184908,12.098315,10.149557,9.147045,8.775235,8.990157,9.535368,6.06268,6.252463
11.201231,11.118631,12.036087,11.767977,9.94656,9.628031,9.005641,9.314895,9.658242,6.831145,6.136392
11.288791,11.125126,11.843536,11.615571,9.913553,9.587966,9.050787,8.985468,9.608313,6.404825,6.29394
10.934829,10.960211,11.888821,11.783771,9.712652,8.564705,8.083119,8.904941,9.082355,5.631095,5.982081
10.817816,10.373036,11.295681,11.121731,8.950858,9.637388,9.011324,9.386842,9.460954,7.291681,5.830375
10.888717,10.500068,11.56874,11.484255,9.241538,9.72517,9.000055,9.311819,9.507291,7.254215,6.125842
10.728734,10.140118,11.24602,11.174098,9.179374,9.529374,8.883069,9.082623,9.285879,7.034499,6.034389
10.86756,10.561172,11.449401,11.190487,9.098064,9.665583,8.926491,9.41856,9.535931,7.271407,5.828971
10.488726,10.177178,11.285023,11.172373,8.912219,9.427665,8.610548,8.966813,9.254961,6.929569,5.735163
11.673799,10.917325,11.825179,11.679423,10.56905,10.367933,9.599602,10.077634,10.016214,7.958656,6.940606
10.979655,10.574206,11.576631,11.547429,9.28729,9.763214,9.181432,9.400821,9.506845,7.270956,6.08953
8.141127,7.218958,7.453745,7.364666,5.687769,6.09253,5.600302,5.718608,5.58622,4.781738,4.361319
9.149094,9.201427,9.202675,9.32192,7.179614,7.001912,7.091984,7.066299,7.362523,5.092285,4.744295
9.074695,8.587663,8.679654,8.643143,6.762725,6.903265,6.544583,6.618894,6.873007,5.150085,4.837339
9.074199,9.015945,9.217512,9.301723,7.069374,6.897437,7.211131,7.126165,7.622871,4.987902,4.741826
8.615523,8.349693,8.64017,8.727662,6.533127,6.577034,6.903821,6.804236,7.31072,4.789541,4.486755
10.861691,11.071558,11.492599,11.249475,8.931756,8.260654,7.603583,8.117929,8.567399,5.877345,5.90809
12.088202,11.389194,12.416552,11.978354,9.77215,10.026885,9.153294,8.397412,9.92263,6.670371,6.999371
11.171391,11.159717,12.24459,12.053452,9.918584,8.937261,8.147144,8.685101,9.439,5.946699,6.263967
12.48778,11.746502,12.36482,12.0777,10.181351,10.92,9.982499,8.895233,10.220819,7.149513,7.409551
11.852247,11.291115,12.031526,11.747769,9.851842,10.316603,9.463383,8.606728,9.880606,6.820635,7.007428
11.587565,11.022072,12.499669,12.096572,9.424737,9.480464,8.61528,8.250714,9.637252,6.449876,6.783914
11.439168,11.395018,12.331478,12.24819,10.192999,9.553913,8.951231,8.778524,9.701631,6.206173,6.447224
11.524811,11.345713,11.91486,11.700702,10.288725,10.425634,9.587669,8.727928,9.811683,6.584837,6.715078
11.781226,10.863067,11.068079,10.687065,9.083088,9.864196,9.457442,9.403799,9.440384,7.122795,6.745232
13.021659,11.760102,12.029699,11.57083,9.808871,10.95424,10.594616,10.584272,10.123468,8.073044,7.506176
12.127723,10.851904,11.078407,10.55728,8.681532,9.875939,9.59881,9.49571,9.125509,7.315062,6.875138
11.743369,10.720597,11.152854,10.668195,8.781454,9.828541,9.294232,9.287836,8.597213,7.134374,6.779812
11.292243,10.40204,10.783706,10.374009,8.651106,9.621124,9.013475,9.039884,8.796917,6.944176,6.622103
9.952327,9.044989,9.690756,9.292242,7.674011,8.785869,7.887394,7.705394,7.450604,6.443757,6.312145
9.597998,8.763128,9.381344,9.03404,7.546399,8.381036,7.50412,7.190692,7.29207,6.279572,6.238294
9.968939,9.268552,9.857365,9.421594,7.896498,8.721696,7.895627,7.4021,7.38763,6.433995,6.355166
11.154215,10.277096,10.712246,10.566413,8.859529,9.552559,8.434874,8.213392,9.494627,6.501117,6.655881
10.287224,9.53501,10.106383,9.884363,8.518331,9.009154,7.966851,7.264467,8.996168,5.963115,6.071243
11.198306,10.536603,10.986907,10.775831,9.194869,9.818006,8.881793,8.302855,9.60153,6.586202,6.563566
10.302484,9.691657,10.067303,9.802612,8.117094,8.35073,7.220343,7.117834,8.59027,5.759838,6.139382
10.717249,10.198625,10.63599,10.429355,8.86624,9.142308,7.955369,8.034409,9.11885,6.174269,6.410755
10.174823,9.654086,10.108072,9.819705,8.356472,8.502184,7.389859,7.186572,8.750026,5.656069,5.942208
9.927035,8.954539,9.494075,9.206038,7.664594,7.970281,6.757491,6.4047,8.466219,5.623508,5.885206
11.938593,11.124014,11.681963,11.452436,9.611613,10.41628,9.57822,9.01108,10.104016,7.102921,7.002101
11.575274,11.045933,11.816643,11.56536,9.759496,10.008042,9.750856,9.681045,9.689107,7.310478,6.399838
12.389772,11.450857,12.187133,12.010538,11.808182,10.839597,10.503489,10.675815,10.429863,7.970397,7.367781
11.384501,11.039466,11.888002,11.821644,9.644553,9.925626,9.6392,9.657574,9.675172,7.306979,6.180174
13.388434,11.779365,11.889341,11.228772,9.389308,10.941007,10.729187,10.716688,10.258791,8.402675,7.790655
13.098413,11.48194,11.674404,11.094937,9.344787,11.191438,10.795068,10.850874,10.329186,8.669893,7.81363
12.23408,10.688572,10.859229,10.169,8.441073,10.190676,9.775603,9.602097,9.035592,7.566307,7.06922
12.179118,10.668379,10.814983,10.243474,8.459555,10.115601,9.781256,9.551089,9.079115,7.466915,6.798197
12.847031,11.311157,11.444223,10.85521,9.103985,10.65541,10.361347,10.154771,9.697015,7.929453,7.145968
13.601996,11.892397,11.96387,11.276205,9.335036,10.780187,10.605887,10.612781,10.17514,8.245466,7.75176
14.118139,12.305037,12.460357,11.86401,9.624886,11.245593,11.109693,11.181369,10.773401,8.707543,8.050168
12.910219,11.184463,11.292492,10.646809,8.815459,10.657337,10.310756,10.233609,9.65807,8.016423,7.570893
12.490537,11.077666,11.278271,10.673766,8.987604,10.458218,10.199602,9.830798,9.439862,7.562013,6.720827
11.660899,10.170611,10.301905,9.607667,7.922408,9.719185,9.226124,9.029235,8.348342,7.195859,6.68785
12.682789,11.024752,11.200552,10.487186,8.948471,10.636628,10.261264,10.204141,9.631925,8.073223,7.580284
11.981299,11.139724,11.793069,11.450872,9.583603,10.166453,9.454944,8.925993,9.90476,6.808181,6.823772
12.136243,11.164587,11.755721,11.453721,9.644685,10.355613,9.669271,9.327282,9.995561,7.096471,7.031727
11.636422,10.786662,11.249295,10.91313,9.321986,9.88354,9.261253,9.086528,9.610333,6.722838,6.632594
11.00933,10.316873,10.72009,10.365378,8.820979,9.322329,8.599977,8.56955,8.971241,6.497178,6.416235
11.476568,10.712284,11.160801,10.83957,9.122908,9.63747,8.943948,8.900016,9.379207,6.588423,6.579286
11.346222,10.140544,10.311968,9.544102,8.149729,9.842925,9.400088,9.074738,8.399781,7.048214,6.296563
11.389507,10.19809,10.2989,9.59247,8.016231,9.63425,9.086767,8.804623,8.043783,6.9219,6.347926
13.066109,11.474611,11.580576,11.047283,8.784695,10.86735,10.561909,10.341636,9.664779,7.901825,6.999576
11.64399,10.361175,10.438687,9.730782,8.085861,9.823413,9.50136,9.135785,8.584955,7.074826,6.334466
11.811342,10.500672,10.594222,9.882326,8.224447,10.06661,9.813924,9.365535,8.832884,7.190716,6.378024
11.719176,10.256992,10.331444,9.540476,8.797918,10.526908,10.08727,9.863901,9.085481,7.589566,6.717804
11.301126,10.613453,11.077115,10.811648,9.135391,9.563755,8.528932,8.634548,9.264465,6.657547,6.79292
9.889216,9.462912,10.048161,9.779959,8.224047,8.651865,7.575997,7.722615,8.189701,5.895877,6.01493
10.955041,10.162917,10.57064,10.256971,8.739146,9.206196,8.233035,8.295828,8.887224,6.482495,6.623423
11.383688,10.795266,11.194153,10.933332,8.994217,9.549641,8.595819,8.800297,9.167101,6.744437,6.780572
10.715351,10.234787,10.710761,10.403822,8.834652,9.068528,8.218577,8.287493,8.740405,6.321458,6.445908
10.112171,9.612175,10.15986,9.891443,8.564538,8.831055,7.57805,7.790211,8.480029,6.027218,6.210676
13.541519,12.089888,12.076339,11.498517,9.877142,10.09557,10.770865,10.371173,10.816846,7.5176,7.763888
13.264133,11.821455,11.907118,11.331166,9.60365,10.001161,10.632115,10.232035,10.661395,7.541027,7.710842
12.505794,11.361401,11.598946,11.103977,9.409722,9.766506,10.134869,9.734637,10.130034,7.23746,7.10813
13.306436,11.94261,11.955126,11.527999,9.354786,9.987745,10.540184,10.132212,10.509763,7.472985,7.514465
10.943042,10.365392,11.340579,11.239826,9.205568,9.642414,9.294514,9.274925,9.290066,7.087405,6.128352
11.436791,10.931429,11.589514,11.316589,9.340283,9.866533,9.589304,9.633706,9.674914,7.370008,6.129761
8.911821,8.041455,8.678453,8.283757,6.785881,7.550612,6.755844,6.184094,6.68826,5.731851,5.622445
10.929219,10.001157,10.26193,10.022165,8.196646,8.546622,7.454168,7.844362,8.268,6.660701,6.904493
11.296478,10.238166,10.347197,10.060437,7.873691,8.598354,7.523129,7.851599,8.452674,6.763415,6.814914
12.11731,11.00902,11.131235,10.917349,8.572983,9.294956,8.000181,8.439559,9.519621,7.267308,7.620765
10.889147,9.75774,9.879169,9.519732,7.618228,8.256666,7.038852,7.257157,8.499473,6.567848,6.681693
10.895305,9.822002,9.918482,9.59428,7.529516,8.21043,7.106279,7.348224,8.121304,6.413701,6.536314
11.885333,10.890946,11.066338,10.807608,8.494221,9.024854,8.010288,8.384794,9.079941,6.992188,7.248723
11.13201,9.994386,10.210276,9.874914,7.959508,8.590784,7.206063,7.478044,8.971049,6.675714,7.191394
11.427942,10.263565,10.353611,9.948751,8.078215,8.770719,7.479842,7.711371,9.156147,7.049089,7.219519
11.374228,10.429798,10.660869,10.435437,8.209942,8.876658,7.662064,8.01259,9.01803,6.671875,7.003357
10.780192,10.077059,10.526956,10.082796,8.389487,8.362447,7.351209,7.72273,8.178672,6.473153,7.115495
11.159448,10.523057,10.615158,10.26569,8.591295,9.143842,8.21229,8.591954,8.906243,7.255586,7.633834
10.88878,10.008334,10.181117,9.932002,8.038673,9.273019,8.151411,8.841471,8.916309,7.500551,7.511784
11.027009,10.478705,10.681715,10.231398,8.392831,8.738787,7.761712,8.103193,8.549191,6.782151,7.186903
9.318989,8.738341,8.978394,8.772649,7.855941,7.497237,6.46943,7.104306,7.233702,6.053163,6.730069
9.421169,8.752203,9.030887,8.790832,7.017831,7.639354,6.665822,7.382873,7.569263,6.003314,6.134657
10.760241,9.989237,10.672586,10.124578,7.650558,7.834859,6.541208,6.895345,8.499361,5.8656,6.221069
11.466879,11.318508,11.992563,11.636412,9.140987,8.682508,7.765547,8.450175,9.268352,6.135528,6.422705
11.829612,11.305599,12.012478,11.54847,9.103823,8.798293,7.643189,7.999733,9.588443,6.452377,6.83841
10.539551,9.370947,9.825813,9.477615,7.433394,7.687321,6.251094,6.509668,8.49868,5.785832,6.212352
9.565806,9.126395,9.270559,9.426057,6.983639,6.490911,6.636694,6.742375,6.280471,5.292257,6.406959
9.790698,9.338569,9.388744,9.515169,7.071817,6.676189,6.831065,6.843669,6.449171,5.471841,6.715142
10.088681,9.620719,9.741934,9.828835,7.273476,6.903478,7.063772,6.963836,6.628558,5.495538,6.845731
9.800964,9.606365,9.880138,9.876479,7.379676,6.845304,6.998279,7.014522,6.686539,5.328415,6.42899
12.948503,12.007258,12.337756,12.069728,9.979081,11.031397,10.113556,9.954628,10.678257,8.117715,8.054683
12.595015,11.540195,11.938611,11.610852,9.656667,10.542468,9.828144,9.799685,10.220215,7.374226,7.272837
12.018925,11.201076,11.671371,11.471969,9.667998,10.492176,9.123071,9.48288,10.087854,7.566059,7.610449
13.632249,12.704919,12.957515,12.785121,11.297194,11.556267,10.487218,10.574647,11.191344,8.53577,8.580698
12.071396,11.182498,11.55107,11.248742,9.339821,10.151307,9.405909,9.06533,9.857165,7.107767,7.149973
12.977016,12.01983,12.226747,12.032872,10.311335,10.989016,9.995512,9.905151,10.837151,8.018313,8.005512
12.122325,11.308174,11.689084,11.504337,9.801029,10.31773,9.015533,9.295498,10.137161,7.336474,7.486951
9.97802,8.988979,9.111116,8.92122,7.203534,7.818868,6.783283,7.105496,7.510723,6.119118,5.921001
9.85567,8.856711,9.087696,8.787285,6.858301,7.653508,6.482872,6.783891,7.480783,5.85387,5.86443
10.615258,9.640357,9.864935,9.459684,7.340164,8.0839,6.769325,7.145052,8.384293,6.221362,6.379822
11.14266,10.440669,10.627905,10.384618,8.260528,8.533118,7.737559,8.124782,8.601734,6.745771,6.499017
11.625708,11.381588,12.233929,11.211266,8.631522,8.59055,7.52423,8.11893,8.994218,6.403464,6.674741
9.201892,8.744438,9.039389,9.133332,6.713153,6.300606,6.392337,6.520882,6.035425,5.103206,6.038319
14.815581,13.450144,13.649838,13.138712,10.95087,12.330971,12.249899,12.543492,12.217429,9.6626,8.425759
14.909093,13.228078,13.293098,12.821826,10.459834,11.065669,11.539378,11.417851,11.473315,8.645663,8.410438
14.027542,12.561909,12.824756,12.317665,10.219403,11.836187,11.510319,11.619314,11.223302,9.099706,7.848482
15.980159,14.408502,14.399131,13.955217,11.155372,11.748985,12.023447,12.048661,11.903625,9.212737,8.775346
13.185694,11.777549,12.061621,11.544783,9.580094,11.014307,10.647053,10.496426,10.166139,8.400355,7.365853
16.771855,15.039539,15.163416,14.881706,12.154764,11.952294,12.41677,12.415012,12.183101,9.665771,9.172414
13.529239,12.028603,12.282337,11.714941,9.763878,11.326816,10.969469,10.930772,10.486298,8.767031,7.748071
15.861224,14.388709,14.507315,14.031172,10.984801,11.815575,12.014905,12.086192,11.854631,9.169585,8.626016
14.682707,13.032441,13.145929,12.683605,10.432429,11.24125,11.669492,11.597982,11.659561,8.790277,8.342491
14.949045,13.495089,13.69163,13.195195,10.851858,12.14422,11.975579,12.132218,11.712883,9.606187,8.391133
16.881538,15.083212,15.177531,14.896291,12.215957,12.355715,12.769172,12.840741,12.54948,10.073972,9.346266
16.595839,14.979994,15.114905,14.819979,11.868654,12.222844,12.449781,12.549209,12.22569,9.814063,9.046201
15.640484,13.947329,14.074173,13.719534,11.232249,11.859253,12.227098,12.292966,12.114498,9.520105,8.810466
14.389292,12.663673,12.700299,12.139991,9.808153,10.864957,11.174956,11.056905,11.123078,8.475056,8.293086
13.811472,12.533771,12.799113,12.315435,10.302877,11.344615,11.326807,11.222094,11.107928,8.616434,7.680182
14.86216,12.996284,13.175644,12.694689,9.926787,10.980574,11.251118,11.165101,11.092754,8.415764,8.235477
15.234833,13.505334,13.800953,13.218609,10.490398,11.705232,11.752795,11.748359,11.411594,9.024976,8.401564
17.186796,15.39675,15.532485,15.302374,12.504269,12.267621,12.773995,12.84127,12.543442,10.009267,9.393987
17.244066,15.619752,15.792129,15.544098,12.525978,12.395631,12.747998,12.822514,12.499925,9.997262,9.314411
14.100277,12.452458,12.63838,12.084041,9.8281,11.323798,11.114946,11.168578,10.729837,8.815916,8.059385
16.009024,14.399386,14.592591,14.146489,11.583324,12.402921,12.484526,12.61475,12.138213,10.071723,9.024676
14.994157,13.455569,13.648731,13.163419,10.811009,12.156243,12.029415,12.165115,11.691146,9.861697,8.599593
14.624416,12.99975,13.233135,12.671532,10.278728,12.050786,11.750501,11.975927,11.425518,9.531488,8.377078
16.142213,14.552998,14.626565,14.229963,11.732799,12.661038,12.789165,13.134024,12.738201,10.302809,9.108189
15.003971,13.563038,13.664738,13.211042,11.014222,11.994112,12.161862,12.240944,12.074272,9.419266,8.42343
14.496281,12.831835,13.068734,12.493134,10.112007,11.457474,11.354711,11.366493,11.027156,8.964024,8.262349
16.113651,14.485079,14.672806,14.23286,11.663672,12.252521,12.399212,12.500856,12.069884,10.036127,9.067776
13.741467,12.157079,12.411799,11.806414,9.706068,11.491233,11.1102,11.165369,10.661496,8.978793,7.970725
17.150686,15.419655,15.499169,15.190461,12.40326,12.394676,12.796172,12.930672,12.581846,10.224411,9.490903
15.540927,13.889844,14.010789,13.616853,11.307215,12.214968,12.429765,12.504055,12.33399,9.627194,8.684059
15.389198,13.748338,13.971349,13.494759,10.965492,12.005707,11.993001,12.148135,11.716714,9.72788,8.753525
17.641896,15.994395,16.173519,15.982317,12.872106,12.379799,12.852594,12.887416,12.606435,10.006015,9.48319